/*
SQLyog v10.2 
MySQL - 5.6.12-enterprise-commercial-advanced : Database - oa_db
*********************************************************************
*/

/*!40101 SET NAMES utf8 */;

/*!40101 SET SQL_MODE=''*/;

/*!40014 SET @OLD_UNIQUE_CHECKS=@@UNIQUE_CHECKS, UNIQUE_CHECKS=0 */;
/*!40014 SET @OLD_FOREIGN_KEY_CHECKS=@@FOREIGN_KEY_CHECKS, FOREIGN_KEY_CHECKS=0 */;
/*!40101 SET @OLD_SQL_MODE=@@SQL_MODE, SQL_MODE='NO_AUTO_VALUE_ON_ZERO' */;
/*!40111 SET @OLD_SQL_NOTES=@@SQL_NOTES, SQL_NOTES=0 */;
CREATE DATABASE /*!32312 IF NOT EXISTS*/`oa_db` /*!40100 DEFAULT CHARACTER SET utf8 */;

USE `oa_db`;

/*Data for the table `oa_id_dept` */

insert  into `oa_id_dept`(`id`,`create_date`,`modify_date`,`name`,`remark`,`creater`,`modifier`) values (1,'2017-01-14 09:33:24','2017-01-14 09:33:24','技术部',NULL,'admin','admin'),(2,'2017-01-14 09:33:24','2017-01-14 09:33:24','运营部',NULL,'admin','admin'),(3,'2017-01-14 09:33:24','2017-01-14 09:33:24','财务部',NULL,'admin','admin'),(4,'2017-01-14 09:33:24','2017-01-14 09:33:24','人事部',NULL,'admin','admin'),(5,'2017-01-14 09:33:24','2017-01-14 09:33:24','总公办',NULL,'admin','admin');

/*Data for the table `oa_id_job` */

insert  into `oa_id_job`(`code`,`name`,`remark`) values ('0001','职员',NULL),('0002','Java开发工程师',NULL),('0003','Java中级开发工程师',NULL),('0004','Java高级开发工程师',NULL),('0005','系统管理员',NULL),('0006','架构师',NULL),('0007','主管',NULL),('0008','经理',NULL),('0009','总经理',NULL);

/*Data for the table `oa_id_module` */

insert  into `oa_id_module`(`code`,`create_date`,`modify_date`,`name`,`remark`,`url`,`creater`,`modifier`) values ('0001','2017-01-14 09:33:24','2017-01-14 09:33:24','系统管理','系统管理','#','admin','admin'),('00010001','2017-01-14 09:33:24','2017-01-14 09:33:24','用户管理','用户','/identity/user/selectUser','admin','admin'),('000100010001','2017-01-14 09:33:24','2017-01-14 09:33:24','--------查询操作','查询操作','/identity/user/selectUser','admin','admin'),('000100010002','2017-01-14 09:33:24','2017-01-19 16:41:29','--------增加操作','','/identity/user/addUser','admin','admin'),('000100010003','2017-01-14 09:33:24','2017-01-19 16:41:43','--------修改操作','','/identity/user/updateUser','admin','admin'),('000100010004','2017-01-14 09:33:24','2017-01-20 09:10:06','--------删除操作','','/identity/user/deleteUser','admin','admin'),('000100010005','2017-01-14 09:33:24','2017-01-20 09:09:16','--------预览用户','审核操作','/identity/user/preUser','admin','admin'),('000100010006','2017-01-19 16:06:58','2017-01-20 09:09:48','激活用户','测试一下','/identity/user/activeUser','admin','admin'),('00010002','2017-01-19 16:39:47','2017-01-20 09:08:00','菜单管理','','/identity/module/mgrModule','admin','admin'),('000100020001','2017-01-19 16:41:09','2017-01-20 09:10:52','管理菜单','','/identity/module/mgrModule','admin','admin'),('000100020002','2017-01-20 09:12:41',NULL,'查询子模块','查询子菜单','/identity/module/getModulesByParent','admin',NULL),('000100020003','2017-01-20 09:14:53',NULL,'添加模块','','/identity/module/addModule','admin',NULL),('000100020004','2017-01-20 09:15:14','2017-01-20 14:00:12','删除模块','','/identity/module/deleteModule','admin','admin'),('000100020005','2017-01-20 09:15:50',NULL,'修改模块','','/identity/module/updateModule','admin',NULL),('00010003','2017-01-19 16:40:06','2017-01-20 11:05:16','角色管理','','/identity/role/selectRole','admin','admin'),('000100030001','2017-01-20 09:17:42','2017-01-20 09:21:06','查询角色','','/identity/role/selectRole','admin','admin'),('000100030002','2017-01-20 09:18:19','2017-01-20 11:26:10','添加角色','','/identity/role/addRole','admin','admin'),('000100030003','2017-01-20 09:18:48','2017-01-20 11:26:14','删除角色','','/identity/role/deleteRole','admin','admin'),('000100030004','2017-01-20 09:19:19','2017-01-20 11:26:17','修改角色','','/identity/role/updateRole','admin','admin'),('000100030005','2017-01-20 09:19:49',NULL,'查询角色用户','','/identity/role/selectRoleUser','admin',NULL),('000100030006','2017-01-20 09:23:02',NULL,'绑定用户','','/identity/role/bindUser','admin',NULL),('000100030007','2017-01-20 09:23:18',NULL,'解绑用户','','/identity/role/unBindUser','admin',NULL),('000100030008','2017-01-20 09:24:17','2017-01-20 09:24:48','管理权限','','/identity/popedom/mgrPopedom','admin','admin'),('000100030009','2017-01-20 09:24:36','2017-01-20 15:37:52','角色模块操作权限','','/identity/popedom/getOperasByParent','admin','admin'),('000100030010','2017-01-20 09:27:40','2017-01-20 09:27:55','绑定模块操作','','/identity/popedom/bindPopedom','admin','admin'),('0002','2012-04-07 13:45:51',NULL,'假期管理','假期管理','#','admin',NULL),('00020001','2017-01-20 09:30:36','2017-01-20 09:30:36','假期类型','假期类型管理','/admin/leave/mgrLeaveType','admin','admin'),('000200010001','2017-01-20 09:30:36','2017-01-20 11:19:49','--------查询操作','查询操作','/admin/leave/selectLeaveType','admin','admin'),('000200010002','2017-01-20 09:30:36','2017-01-20 09:30:36','--------增加操作','增加操作','/admin/leave/addLeaveType','admin','admin'),('000200010003','2017-01-20 09:30:36','2017-01-20 11:19:53','--------修改操作','修改操作','/admin/leave/updateLeaveType','admin','admin'),('000200010004','2017-01-20 09:30:36','2017-01-20 11:19:56','--------删除操作','删除操作','/admin/leave/deleteLeaveType','admin','admin'),('000200010005','2017-01-20 09:30:36','2017-01-20 09:30:36','--------管理操作','管理操作','/admin/leave/mgrLeaveType','admin','admin'),('00020002','2017-01-20 09:30:36',NULL,'假期明细','假期明细','/admin/leave/mgrLeaveItem','admin',NULL),('000200020001','2017-01-20 09:30:36',NULL,'--------管理操作','管理操作','/admin/leave/mgrLeaveItem','admin',NULL),('000200020002','2017-01-20 09:30:36',NULL,'--------查询操作','查询操作','/admin/leave/selectLeaveItem','admin',NULL),('000200020006','2017-01-20 09:30:36',NULL,'--------审核操作','审核操作','/admin/leave/checkLeaveItem','admin',NULL),('00020003','2017-01-20 09:30:36','2017-01-20 09:30:36','用户请假','用户请假','/admin/leave/selectUserLeave','admin','admin'),('000200030001','2017-01-20 09:30:36',NULL,'--------查询操作','查询操作','/admin/leave/selectUserLeave','admin',NULL),('000200030002','2017-01-20 09:30:36',NULL,'--------增加操作','增加操作','/admin/leave/addUserLeave','admin',NULL),('000200030003','2017-01-20 09:30:36',NULL,'--------修改操作','修改操作','/admin/leave/updateUserLeave','admin',NULL),('000200030004','2017-01-20 09:30:36',NULL,'--------删除操作','删除操作','/admin/leave/deleteUserLeave','admin',NULL),('00020004','2017-01-20 09:30:36','2017-01-20 09:30:36','假期审批','假期审批','/admin/leave/selectAuditLeave','admin','admin'),('000200040001','2017-01-20 09:30:36',NULL,'--------查看审批操作','查看审批操作','/admin/leave/selectAuditLeave','admin',NULL),('000200040002','2017-01-20 09:30:36',NULL,'--------审批请假操作','审批请假操作','/admin/leave/auditLeaveSheet','admin',NULL);

/*Data for the table `oa_id_popedom` */

insert  into `oa_id_popedom`(`id`,`create_date`,`creater`,`module_code`,`opera_code`,`role_id`) values (133,'2017-01-20 11:03:28','admin','00010003','000100030001',1),(134,'2017-01-20 11:03:28','admin','00010003','000100030002',1),(135,'2017-01-20 11:03:28','admin','00010003','000100030003',1),(136,'2017-01-20 11:03:28','admin','00010003','000100030004',1),(137,'2017-01-20 11:03:28','admin','00010003','000100030005',1),(138,'2017-01-20 11:03:28','admin','00010003','000100030006',1),(139,'2017-01-20 11:03:28','admin','00010003','000100030007',1),(140,'2017-01-20 11:03:28','admin','00010003','000100030008',1),(141,'2017-01-20 11:03:28','admin','00010003','000100030009',1),(142,'2017-01-20 11:03:28','admin','00010003','000100030010',1),(156,'2017-01-20 11:16:07','admin','00010003','000100030001',2),(157,'2017-01-20 11:16:07','admin','00010003','000100030002',2),(158,'2017-01-20 11:16:07','admin','00010003','000100030003',2),(159,'2017-01-20 11:16:07','admin','00010003','000100030004',2),(160,'2017-01-20 11:16:07','admin','00010003','000100030005',2),(161,'2017-01-20 11:16:07','admin','00010003','000100030006',2),(162,'2017-01-20 11:16:07','admin','00010003','000100030007',2),(163,'2017-01-20 11:16:07','admin','00010003','000100030008',2),(164,'2017-01-20 11:16:07','admin','00010003','000100030009',2),(165,'2017-01-20 11:16:07','admin','00010003','000100030010',2),(166,'2017-01-20 11:16:59','admin','00010002','000100020001',1),(167,'2017-01-20 11:16:59','admin','00010002','000100020002',1),(168,'2017-01-20 11:16:59','admin','00010002','000100020003',1),(169,'2017-01-20 11:16:59','admin','00010002','000100020004',1),(170,'2017-01-20 11:16:59','admin','00010002','000100020005',1),(171,'2017-01-20 11:23:23','admin','00020003','000200030001',2),(172,'2017-01-20 11:23:23','admin','00020003','000200030002',2),(173,'2017-01-20 11:23:23','admin','00020003','000200030003',2),(174,'2017-01-20 11:23:23','admin','00020003','000200030004',2),(175,'2017-01-20 11:47:10','admin','00010001','000100010001',2),(176,'2017-01-20 11:47:10','admin','00010001','000100010002',2),(177,'2017-01-20 11:47:10','admin','00010001','000100010003',2),(178,'2017-01-20 11:47:10','admin','00010001','000100010004',2),(179,'2017-01-20 11:47:10','admin','00010001','000100010005',2),(180,'2017-01-20 11:47:10','admin','00010001','000100010006',2),(181,'2017-01-20 11:47:13','admin','00010002','000100020001',2),(182,'2017-01-20 11:47:13','admin','00010002','000100020002',2),(183,'2017-01-20 11:47:13','admin','00010002','000100020003',2),(184,'2017-01-20 11:47:13','admin','00010002','000100020004',2),(185,'2017-01-20 11:47:13','admin','00010002','000100020005',2),(198,'2017-01-20 14:01:44','admin','00020001','000200010001',1),(199,'2017-01-20 14:01:44','admin','00020001','000200010002',1),(200,'2017-01-20 14:01:44','admin','00020001','000200010003',1),(201,'2017-01-20 14:01:44','admin','00020001','000200010004',1),(202,'2017-01-20 14:01:44','admin','00020001','000200010005',1),(203,'2017-01-20 14:01:54','admin','00020002','000200020001',1),(204,'2017-01-20 14:01:54','admin','00020002','000200020002',1),(205,'2017-01-20 14:01:54','admin','00020002','000200020006',1),(206,'2017-01-20 14:01:56','admin','00020003','000200030001',1),(207,'2017-01-20 14:01:56','admin','00020003','000200030002',1),(208,'2017-01-20 14:01:56','admin','00020003','000200030003',1),(209,'2017-01-20 14:01:56','admin','00020003','000200030004',1),(228,'2017-01-20 16:03:57','admin','00010001','000100010001',3),(229,'2017-01-20 16:03:57','admin','00010001','000100010002',3),(230,'2017-01-20 16:13:05','admin','00020004','000200040001',1),(231,'2017-01-20 16:13:05','admin','00020004','000200040002',1),(232,'2017-11-07 12:17:48','admin','00010001','000100010001',1),(233,'2017-11-07 12:17:48','admin','00010001','000100010005',1);

/*Data for the table `oa_id_role` */

insert  into `oa_id_role`(`id`,`create_date`,`modify_date`,`name`,`remark`,`creater`,`modifier`) values (1,'2017-01-14 09:33:23','2017-01-19 09:31:29','系统管理员','系统','admin','admin'),(2,'2017-01-14 09:33:24','2017-01-20 11:19:09','其他职员','其他职员','admin','admin'),(3,'2017-01-20 11:18:39','2017-01-20 11:19:23','咨询师','咨询师','admin','admin'),(4,'2017-01-20 11:18:50','2017-01-20 11:19:26','讲师','讲师','admin','admin');

/*Data for the table `oa_id_user` */

insert  into `oa_id_user`(`user_id`,`answer`,`check_date`,`create_date`,`email`,`modify_date`,`name`,`pass_word`,`phone`,`qq_num`,`question`,`sex`,`status`,`tel`,`checker`,`creater`,`dept_id`,`job_code`,`modifier`) values ('admin','19810821232332','2017-01-20 16:47:31','2017-01-14 09:33:23','dlei0009@163.com','2017-01-20 16:03:21','俞驰','123456','18665616520','251425887',1,1,1,'020-88798789','admin','admin',2,'0001','admin'),('ligang','19831011','2017-01-20 16:45:00','2017-01-20 09:33:35','251425887@qq.com','2017-01-20 16:38:28','朱琦','123456','18665616520','17522122121',1,1,0,'020-38216920','admin','admin',1,'0009','admin'),('xcm','湖北','2017-01-20 16:47:42','2017-01-16 10:12:24','22332234@qq.com','2017-01-20 16:06:34','谢老师','123456','18665616520','251425887',2,2,1,'02043434242','admin','admin',3,'0008','admin');

/*Data for the table `oa_id_user_role` */

insert  into `oa_id_user_role`(`role_id`,`user_id`) values (1,'admin'),(2,'ligang'),(3,'xcm');

/*!40101 SET SQL_MODE=@OLD_SQL_MODE */;
/*!40014 SET FOREIGN_KEY_CHECKS=@OLD_FOREIGN_KEY_CHECKS */;
/*!40014 SET UNIQUE_CHECKS=@OLD_UNIQUE_CHECKS */;
/*!40111 SET SQL_NOTES=@OLD_SQL_NOTES */;
